<?xml version="1.0" encoding="UTF-8"?>
<project xmlns="http://maven.apache.org/POM/4.0.0"
         xmlns:xsi="http://www.w3.org/2001/XMLSchema-instance"
         xsi:schemaLocation="http://maven.apache.org/POM/4.0.0 http://maven.apache.org/xsd/maven-4.0.0.xsd">
    <modelVersion>4.0.0</modelVersion>

    <groupId>groupId</groupId>
    <artifactId>drake</artifactId>
    <version>1.0-SNAPSHOT</version>

    <properties>
        <scala-library-version>2.11.8</scala-library-version>
        <scala-version>2.11</scala-version>
        <spark-version>2.3.0</spark-version>
        <kafka-version>0.10.1.1</kafka-version>
        <circe-yaml-version>0.8.0</circe-yaml-version>
        <mysql-connector-version>5.1.6</mysql-connector-version>
        <scala-xml-version>1.1.1</scala-xml-version>
        <shc-version>1.1.1-2.1-s_2.11</shc-version>
    </properties>

    <dependencies>
        <dependency>
            <groupId>org.apache.spark</groupId>
            <artifactId>spark-core_${scala-version}</artifactId>
            <version>${spark-version}</version>
            <scope>provided</scope>
        </dependency>
        <dependency>
            <groupId>org.apache.spark</groupId>
            <artifactId>spark-sql_${scala-version}</artifactId>
            <version>${spark-version}</version>
            <scope>provided</scope>
        </dependency>
        <dependency>
            <groupId>org.apache.spark</groupId>
            <artifactId>spark-mllib_${scala-version}</artifactId>
            <version>${spark-version}</version>
            <scope>provided</scope>
        </dependency>
        <dependency>
            <groupId>org.apache.spark</groupId>
            <artifactId>spark-streaming_${scala-version}</artifactId>
            <version>${spark-version}</version>
            <scope>provided</scope>
        </dependency>
        <dependency>
            <groupId>org.apache.spark</groupId>
            <artifactId>spark-hive_${scala-version}</artifactId>
            <version>${spark-version}</version>
            <scope>provided</scope>
        </dependency>
        <dependency>
            <groupId>org.apache.spark</groupId>
            <artifactId>spark-sql-kafka-0-10_${scala-version}</artifactId>
            <version>${spark-version}</version>
        </dependency>
        <!-- kafka-clients -->
        <dependency>
            <groupId>org.apache.kafka</groupId>
            <artifactId>kafka_${scala-version}</artifactId>
            <version>${kafka-version}</version>
            <exclusions>
                <exclusion>
                    <groupId>net.jpountz.lz4</groupId>
                    <artifactId>lz4</artifactId>
                </exclusion>
            </exclusions>
        </dependency>
        <dependency>
            <groupId>io.circe</groupId>
            <artifactId>circe-yaml_${scala-version}</artifactId>
            <version>${circe-yaml-version}</version>
        </dependency>
        <dependency>
            <groupId>mysql</groupId>
            <artifactId>mysql-connector-java</artifactId>
            <version>${mysql-connector-version}</version>
        </dependency>
        <dependency>
            <groupId>org.scala-lang.modules</groupId>
            <artifactId>scala-xml_${scala-version}</artifactId>
            <version>${scala-xml-version}</version>
        </dependency>
        <dependency>
            <groupId>com.hortonworks</groupId>
            <artifactId>shc-core</artifactId>
            <version>${shc-version}</version>
        </dependency>
        <!-- https://mvnrepository.com/artifact/javax.mail/javax.mail-api -->
        <dependency>
            <groupId>javax.mail</groupId>
            <artifactId>javax.mail-api</artifactId>
            <version>1.4.7</version>
        </dependency>
        <dependency>
            <groupId>com.github.java-json-tools</groupId>
            <artifactId>json-schema-validator</artifactId>
            <version>2.2.11</version>
        </dependency>
        <dependency>
            <groupId>com.fasterxml.jackson.dataformat</groupId>
            <artifactId>jackson-dataformat-yaml</artifactId>
            <version>2.10.1</version>
        </dependency>
        <dependency>
            <groupId>com.networknt</groupId>
            <artifactId>json-schema-validator</artifactId>
            <version>1.0.29</version>
        </dependency>
    </dependencies>

    <build>
        <sourceDirectory>src/main/scala</sourceDirectory>
        <plugins>
            <plugin>
                <!-- see http://davidb.github.com/scala-maven-plugin -->
                <groupId>net.alchim31.maven</groupId>
                <artifactId>scala-maven-plugin</artifactId>
                <version>3.3.1</version>
                <executions>
                    <execution>
                        <id>scala-compile-first</id>
                        <phase>process-resources</phase>
                        <goals>
                            <goal>compile</goal>
                        </goals>
                    </execution>
                    <execution>
                        <id>scala-test-compile</id>
                        <phase>process-test-resources</phase>
                        <goals>
                            <goal>testCompile</goal>
                        </goals>
                    </execution>
                </executions>
                <configuration>
                    <jvmArgs>
                        <jvmArg>-Xss512m</jvmArg>
                        <jvmArg>-Xms1024m</jvmArg>
                        <jvmArg>-Xmx4096m</jvmArg>
                    </jvmArgs>
                </configuration>
            </plugin>
            <plugin>
                <groupId>org.scalastyle</groupId>
                <artifactId>scalastyle-maven-plugin</artifactId>
                <version>1.0.0</version>
            </plugin>
            <plugin>
                <groupId>org.apache.maven.plugins</groupId>
                <artifactId>maven-shade-plugin</artifactId>
                <version>3.0.0</version>
                <executions>
                    <execution>
                        <phase>package</phase>
                        <goals>
                            <goal>shade</goal>
                        </goals>
                        <configuration>
                            <outputFile>target/drake_pipeline.jar</outputFile>
                            <artifactSet>
                                <excludes>
                                </excludes>
                            </artifactSet>
                            <filters>
                                <filter>
                                    <artifact>*:*</artifact>
                                    <excludes>
                                        <exclude>META-INF/*.SF</exclude>
                                        <exclude>META-INF/*.DSA</exclude>
                                        <exclude>META-INF/*.RSA</exclude>
                                    </excludes>
                                </filter>
                            </filters>
                            <transformers>
                                <transformer implementation="org.apache.maven.plugins.shade.resource.AppendingTransformer">
                                    <resource>reference.conf</resource>
                                </transformer>
                                <transformer
                                        implementation="org.apache.maven.plugins.shade.resource.ServicesResourceTransformer">
                                </transformer>
                            </transformers>
                            <!--
                            <relocations>
                                <relocation>
                                    <pattern>org.json4s</pattern>
                                    <shadedPattern>org.shaded.json4s</shadedPattern>
                                </relocation>
                                <relocation>
                                    <pattern>com.fasterxml.jackson</pattern>
                                    <shadedPattern>com.shaded.fasterxml.jackson</shadedPattern>
                                </relocation>
                            </relocations>
                            -->
                        </configuration>
                    </execution>
                </executions>
            </plugin>

        </plugins>
    </build>

    <repositories>
        <repository>
            <id>hw-shc</id>
            <name>com.hortonworks Repository</name>
            <url>http://repo.hortonworks.com/content/groups/public/</url>
        </repository>
    </repositories>

    
</project>