<annotation verified="no">
  <folder>RBC</folder>
  <filename>BloodImage_00000</filename>
  <path>WBC_CLASSIFICATION_ANNO/RBC/BloodImage_00000.jpg</path>
  <source>
    <database>Unknown</database>
  </source>
  <size>
    <width>640</width>
    <height>480</height>
    <depth>3</depth>
  </size>
  <segmented>0</segmented>
  <object>
    <name>RBC</name>
    <pose>Unspecified</pose>
    <truncated>0</truncated>
    <difficult>0</difficult>
    <bndbox>
      <xmin>216</xmin>
      <ymin>359</ymin>
      <xmax>316</xmax>
      <ymax>464</ymax>
    </bndbox>
  </object>
  <object>
    <name>RBC</name>
    <pose>Unspecified</pose>
    <truncated>0</truncated>
    <difficult>0</difficult>
    <bndbox>
      <xmin>77</xmin>
      <ymin>326</ymin>
      <xmax>177</xmax>
      <ymax>431</ymax>
    </bndbox>
  </object>
  <object>
    <name>RBC</name>
    <pose>Unspecified</pose>
    <truncated>1</truncated>
    <difficult>0</difficult>
    <bndbox>
      <xmin>540</xmin>
      <ymin>353</ymin>
      <xmax>640</xmax>
      <ymax>458</ymax>
    </bndbox>
  </object>
  <object>
    <name>RBC</name>
    <pose>Unspecified</pose>
    <truncated>0</truncated>
    <difficult>0</difficult>
    <bndbox>
      <xmin>405</xmin>
      <ymin>350</ymin>
      <xmax>513</xmax>
      <ymax>457</ymax>
    </bndbox>
  </object>
  <object>
    <name>RBC</name>
    <pose>Unspecified</pose>
    <truncated>0</truncated>
    <difficult>0</difficult>
    <bndbox>
      <xmin>160</xmin>
      <ymin>72</ymin>
      <xmax>245</xmax>
      <ymax>177</ymax>
    </bndbox>
  </object>
  <object>
    <name>RBC</name>
    <pose>Unspecified</pose>
    <truncated>0</truncated>
    <difficult>0</difficult>
    <bndbox>
      <xmin>5</xmin>
      <ymin>335</ymin>
      <xmax>90</xmax>
      <ymax>440</ymax>
    </bndbox>
  </object>
  <object>
    <name>RBC</name>
    <pose>Unspecified</pose>
    <truncated>1</truncated>
    <difficult>0</difficult>
    <bndbox>
      <xmin>540</xmin>
      <ymin>39</ymin>
      <xmax>640</xmax>
      <ymax>149</ymax>
    </bndbox>
  </object>
  <object>
    <name>RBC</name>
    <pose>Unspecified</pose>
    <truncated>1</truncated>
    <difficult>0</difficult>
    <bndbox>
      <xmin>383</xmin>
      <ymin>1</ymin>
      <xmax>504</xmax>
      <ymax>113</ymax>
    </bndbox>
  </object>
  <object>
    <name>RBC</name>
    <pose>Unspecified</pose>
    <truncated>0</truncated>
    <difficult>0</difficult>
    <bndbox>
      <xmin>9</xmin>
      <ymin>82</ymin>
      <xmax>108</xmax>
      <ymax>168</ymax>
    </bndbox>
  </object>
  <object>
    <name>RBC</name>
    <pose>Unspecified</pose>
    <truncated>0</truncated>
    <difficult>0</difficult>
    <bndbox>
      <xmin>68</xmin>
      <ymin>212</ymin>
      <xmax>165</xmax>
      <ymax>346</ymax>
    </bndbox>
  </object>
  <object>
    <name>RBC</name>
    <pose>Unspecified</pose>
    <truncated>0</truncated>
    <difficult>0</difficult>
    <bndbox>
      <xmin>171</xmin>
      <ymin>181</ymin>
      <xmax>264</xmax>
      <ymax>282</ymax>
    </bndbox>
  </object>
</annotation>
