<?xml version="1.0"?>
<ws:annotation xmlns:ws="urn.com.myday/annotation" xmlns:xsi="http://www.w3.org/2001/XMLSchema-instance" verified="no">
  <ws:folder>RBC</ws:folder>
  <ws:file_name>BloodImage_00000</ws:file_name>
  <ws:path>WBC_CLASSIFICATION_ANNO/RBC/BloodImage_00000.jpg</ws:path>
  <ws:source>
    <ws:database>Unknown</ws:database>
  </ws:source>
  <ws:size>
    <ws:width>640</ws:width>
    <ws:height>480</ws:height>
    <ws:depth>3</ws:depth>
  </ws:size>
  <ws:segmented>0</ws:segmented>
  <ws:object>
    <ws:name>RBC</ws:name>
    <ws:pose>Unspecified</ws:pose>
    <ws:truncated>0</ws:truncated>
    <ws:difficult>0</ws:difficult>
    <ws:bndbox>
      <ws:x_min>216</ws:x_min>
      <ws:ymin>359</ws:ymin>
      <ws:xmax>316</ws:xmax>
      <ws:ymax>464</ws:ymax>
    </ws:bndbox>
  </ws:object>
  <ws:object>
    <ws:name>RBC</ws:name>
    <ws:pose>Unspecified</ws:pose>
    <ws:truncated>0</ws:truncated>
    <ws:difficult>0</ws:difficult>
    <ws:bndbox>
      <ws:x_min>77</ws:x_min>
      <ws:ymin>326</ws:ymin>
      <ws:xmax>177</ws:xmax>
      <ws:ymax>431</ws:ymax>
    </ws:bndbox>
  </ws:object>
  <ws:object>
    <ws:name>RBC</ws:name>
    <ws:pose>Unspecified</ws:pose>
    <ws:truncated>1</ws:truncated>
    <ws:difficult>0</ws:difficult>
    <ws:bndbox>
      <ws:x_min>540</ws:x_min>
      <ws:ymin>353</ws:ymin>
      <ws:xmax>640</ws:xmax>
      <ws:ymax>458</ws:ymax>
    </ws:bndbox>
  </ws:object>
  <ws:object>
    <ws:name>RBC</ws:name>
    <ws:pose>Unspecified</ws:pose>
    <ws:truncated>0</ws:truncated>
    <ws:difficult>0</ws:difficult>
    <ws:bndbox>
      <ws:x_min>405</ws:x_min>
      <ws:ymin>350</ws:ymin>
      <ws:xmax>513</ws:xmax>
      <ws:ymax>457</ws:ymax>
    </ws:bndbox>
  </ws:object>
  <ws:object>
    <ws:name>RBC</ws:name>
    <ws:pose>Unspecified</ws:pose>
    <ws:truncated>0</ws:truncated>
    <ws:difficult>0</ws:difficult>
    <ws:bndbox>
      <ws:x_min>160</ws:x_min>
      <ws:ymin>72</ws:ymin>
      <ws:xmax>245</ws:xmax>
      <ws:ymax>177</ws:ymax>
    </ws:bndbox>
  </ws:object>
  <ws:object>
    <ws:name>RBC</ws:name>
    <ws:pose>Unspecified</ws:pose>
    <ws:truncated>0</ws:truncated>
    <ws:difficult>0</ws:difficult>
    <ws:bndbox>
      <ws:x_min>5</ws:x_min>
      <ws:ymin>335</ws:ymin>
      <ws:xmax>90</ws:xmax>
      <ws:ymax>440</ws:ymax>
    </ws:bndbox>
  </ws:object>
  <ws:object>
    <ws:name>RBC</ws:name>
    <ws:pose>Unspecified</ws:pose>
    <ws:truncated>1</ws:truncated>
    <ws:difficult>0</ws:difficult>
    <ws:bndbox>
      <ws:x_min>540</ws:x_min>
      <ws:ymin>39</ws:ymin>
      <ws:xmax>640</ws:xmax>
      <ws:ymax>149</ws:ymax>
    </ws:bndbox>
  </ws:object>
  <ws:object>
    <ws:name>RBC</ws:name>
    <ws:pose>Unspecified</ws:pose>
    <ws:truncated>1</ws:truncated>
    <ws:difficult>0</ws:difficult>
    <ws:bndbox>
      <ws:x_min>383</ws:x_min>
      <ws:ymin>1</ws:ymin>
      <ws:xmax>504</ws:xmax>
      <ws:ymax>113</ws:ymax>
    </ws:bndbox>
  </ws:object>
  <ws:object>
    <ws:name>RBC</ws:name>
    <ws:pose>Unspecified</ws:pose>
    <ws:truncated>0</ws:truncated>
    <ws:difficult>0</ws:difficult>
    <ws:bndbox>
      <ws:x_min>9</ws:x_min>
      <ws:ymin>82</ws:ymin>
      <ws:xmax>108</ws:xmax>
      <ws:ymax>168</ws:ymax>
    </ws:bndbox>
  </ws:object>
  <ws:object>
    <ws:name>RBC</ws:name>
    <ws:pose>Unspecified</ws:pose>
    <ws:truncated>0</ws:truncated>
    <ws:difficult>0</ws:difficult>
    <ws:bndbox>
      <ws:x_min>68</ws:x_min>
      <ws:ymin>212</ws:ymin>
      <ws:xmax>165</ws:xmax>
      <ws:ymax>346</ws:ymax>
    </ws:bndbox>
  </ws:object>
  <ws:object>
    <ws:name>RBC</ws:name>
    <ws:pose>Unspecified</ws:pose>
    <ws:truncated>0</ws:truncated>
    <ws:difficult>0</ws:difficult>
    <ws:bndbox>
      <ws:x_min>171</ws:x_min>
      <ws:ymin>181</ws:ymin>
      <ws:xmax>264</ws:xmax>
      <ws:ymax>282</ws:ymax>
    </ws:bndbox>
  </ws:object>
</ws:annotation>